sample_id,model,faithfulness,coverage,temporal,overall,unverifiable_rate,caption,visualization
levir-cc_test_000004,Draft,0.8890986052453382,1.0,0.985994596900327,0.9362031522650014,0.0,a road with a branch is built and villas are built around the road to replace the trees .,/root/autodl-tmp/mga-artifacts/segearth-ov3/building-road-100x3-v3/scenes/levir-cc-test-000004/overview_A_B_reference.png
levir-cc_test_000004,Guided,0.8890986052453382,1.0,0.985994596900327,0.9362031522650014,0.0,a road with a branch is built and villas are built around the road to replace the trees .,/root/autodl-tmp/mga-artifacts/segearth-ov3/building-road-100x3-v3/scenes/levir-cc-test-000004/overview_A_B_reference.png
levir-cc_test_000004,Change-Agent,0.8890986052453382,1.0,0.985994596900327,0.9362031522650014,0.0,the vegetation has been removed and a road with villas built along appears,/root/autodl-tmp/mga-artifacts/segearth-ov3/building-road-100x3-v3/scenes/levir-cc-test-000004/overview_A_B_reference.png
levir-cc_test_000018,Draft,0.8015014464409403,0.8947368421052632,1.0,0.864510006068833,0.0,massive houses appear in the desert .,/root/autodl-tmp/mga-artifacts/segearth-ov3/building-road-100x3-v3/scenes/levir-cc-test-000018/overview_A_B_reference.png
levir-cc_test_000018,Guided,0.8015014464409403,0.8947368421052632,1.0,0.864510006068833,0.0,massive houses appear in the desert .,/root/autodl-tmp/mga-artifacts/segearth-ov3/building-road-100x3-v3/scenes/levir-cc-test-000018/overview_A_B_reference.png
levir-cc_test_000018,Change-Agent,0.8015014464409403,0.8947368421052632,1.0,0.864510006068833,0.0,the vegetation has been removed and many houses are built along the road,/root/autodl-tmp/mga-artifacts/segearth-ov3/building-road-100x3-v3/scenes/levir-cc-test-000018/overview_A_B_reference.png
levir-cc_test_000019,Draft,0.7396060201356072,0.9375,1.0,0.8411583110745839,0.5,massive houses along the roads replace the woods .,/root/autodl-tmp/mga-artifacts/segearth-ov3/building-road-100x3-v3/scenes/levir-cc-test-000019/overview_A_B_reference.png
levir-cc_test_000019,Guided,0.7396060201356072,0.9375,1.0,0.8411583110745839,0.5,massive houses along the roads replace the woods .,/root/autodl-tmp/mga-artifacts/segearth-ov3/building-road-100x3-v3/scenes/levir-cc-test-000019/overview_A_B_reference.png
levir-cc_test_000019,Change-Agent,0.7396060201356072,0.9375,1.0,0.8411583110745839,0.5,the vegetation has been removed and many houses are built along the road,/root/autodl-tmp/mga-artifacts/segearth-ov3/building-road-100x3-v3/scenes/levir-cc-test-000019/overview_A_B_reference.png
levir-cc_test_000048,Draft,0.8018502202643172,1.0,1.0,0.8910176211453744,0.0,some buildings appear in the top left corner of the scene .,/root/autodl-tmp/mga-artifacts/segearth-ov3/building-road-100x3-v3/scenes/levir-cc-test-000048/overview_A_B_reference.png
levir-cc_test_000048,Guided,0.8018502202643172,1.0,1.0,0.8910176211453744,0.0,some buildings appear in the top left corner of the scene .,/root/autodl-tmp/mga-artifacts/segearth-ov3/building-road-100x3-v3/scenes/levir-cc-test-000048/overview_A_B_reference.png
levir-cc_test_000048,Change-Agent,0.8018502202643172,1.0,1.0,0.8910176211453744,0.0,a villa appears in the upper left corner of the scene,/root/autodl-tmp/mga-artifacts/segearth-ov3/building-road-100x3-v3/scenes/levir-cc-test-000048/overview_A_B_reference.png
levir-cc_test_000049,Draft,0.40804016521276576,1.0,0.9911242603550295,0.6726469429380271,0.0,two buildings appear in the top right corner of the scene .,/root/autodl-tmp/mga-artifacts/segearth-ov3/building-road-100x3-v3/scenes/levir-cc-test-000049/overview_A_B_reference.png
levir-cc_test_000049,Guided,0.0,0.0,,0.0,0.0,no change has occurred .,/root/autodl-tmp/mga-artifacts/segearth-ov3/building-road-100x3-v3/scenes/levir-cc-test-000049/overview_A_B_reference.png
levir-cc_test_000049,Change-Agent,0.40804016521276576,1.0,0.9911242603550295,0.6726469429380271,0.0,a building appears in the top right corner of the scene,/root/autodl-tmp/mga-artifacts/segearth-ov3/building-road-100x3-v3/scenes/levir-cc-test-000049/overview_A_B_reference.png
levir-cc_test_000064,Draft,0.3286404033498547,1.0,0.5,0.5307522218424201,0.5,some houses are built on both sides of the road .,/root/autodl-tmp/mga-artifacts/segearth-ov3/building-road-100x3-v3/scenes/levir-cc-test-000064/overview_A_B_reference.png
levir-cc_test_000064,Guided,0.3286404033498547,1.0,0.5,0.5307522218424201,0.5,new houses are built on both sides of the road .,/root/autodl-tmp/mga-artifacts/segearth-ov3/building-road-100x3-v3/scenes/levir-cc-test-000064/overview_A_B_reference.png
levir-cc_test_000064,Change-Agent,0.3286404033498547,1.0,0.5,0.5307522218424201,0.5,some houses are built on both sides of the road,/root/autodl-tmp/mga-artifacts/segearth-ov3/building-road-100x3-v3/scenes/levir-cc-test-000064/overview_A_B_reference.png
levir-cc_test_000068,Draft,0.7128684572639608,1.0,0.9743924745231252,0.8369561463998034,1.0,a road appears in the center of the scene .,/root/autodl-tmp/mga-artifacts/segearth-ov3/building-road-100x3-v3/scenes/levir-cc-test-000068/overview_A_B_reference.png
levir-cc_test_000068,Guided,0.7128684572639608,1.0,0.9743924745231252,0.8369561463998034,1.0,a road appears in the center of the scene .,/root/autodl-tmp/mga-artifacts/segearth-ov3/building-road-100x3-v3/scenes/levir-cc-test-000068/overview_A_B_reference.png
levir-cc_test_000068,Change-Agent,0.7128684572639608,1.0,0.9743924745231252,0.8369561463998034,1.0,a new road appears in the middle of the scene,/root/autodl-tmp/mga-artifacts/segearth-ov3/building-road-100x3-v3/scenes/levir-cc-test-000068/overview_A_B_reference.png
levir-cc_test_000096,Draft,0.3986372646184341,1.0,1.0,0.6692504955401388,0.0,a building appears in the right of the scene .,/root/autodl-tmp/mga-artifacts/segearth-ov3/building-road-100x3-v3/scenes/levir-cc-test-000096/overview_A_B_reference.png
levir-cc_test_000096,Guided,0.3986372646184341,1.0,1.0,0.6692504955401388,0.0,a building appears in the lower right of the scene .,/root/autodl-tmp/mga-artifacts/segearth-ov3/building-road-100x3-v3/scenes/levir-cc-test-000096/overview_A_B_reference.png
levir-cc_test_000096,Change-Agent,0.0,0.0,,0.0,0.0,the scene is the same as before,/root/autodl-tmp/mga-artifacts/segearth-ov3/building-road-100x3-v3/scenes/levir-cc-test-000096/overview_A_B_reference.png
levir-cc_test_000101,Draft,0.7880598637483693,0.9090909090909091,1.0,0.8607056523343305,0.0,many houses are built around the road in the desert .,/root/autodl-tmp/mga-artifacts/segearth-ov3/building-road-100x3-v3/scenes/levir-cc-test-000101/overview_A_B_reference.png
levir-cc_test_000101,Guided,0.7880598637483693,0.9090909090909091,1.0,0.8607056523343305,0.0,many houses are built around the road in the desert .,/root/autodl-tmp/mga-artifacts/segearth-ov3/building-road-100x3-v3/scenes/levir-cc-test-000101/overview_A_B_reference.png
levir-cc_test_000101,Change-Agent,0.7880598637483693,0.9090909090909091,1.0,0.8607056523343305,0.0,many houses are built on the bareland,/root/autodl-tmp/mga-artifacts/segearth-ov3/building-road-100x3-v3/scenes/levir-cc-test-000101/overview_A_B_reference.png
levir-cc_test_000124,Draft,0.0,0.0,,0.0,0.0,the scene is the same as before .,/root/autodl-tmp/mga-artifacts/segearth-ov3/building-road-100x3-v3/scenes/levir-cc-test-000124/overview_A_B_reference.png
levir-cc_test_000124,Guided,0.12939579295240575,0.5,0.04943502824858759,0.2060546917735407,0.0,a new road appears in the lower-left corner of the scene .,/root/autodl-tmp/mga-artifacts/segearth-ov3/building-road-100x3-v3/scenes/levir-cc-test-000124/overview_A_B_reference.png
levir-cc_test_000124,Change-Agent,0.7558536585365854,0.5,1.0,0.740719512195122,0.0,a villa has been built by the roadside,/root/autodl-tmp/mga-artifacts/segearth-ov3/building-road-100x3-v3/scenes/levir-cc-test-000124/overview_A_B_reference.png
levir-cc_test_000133,Draft,0.5727857228698474,1.0,1.0,0.7650321475784161,0.5,some houses are built along the road .,/root/autodl-tmp/mga-artifacts/segearth-ov3/building-road-100x3-v3/scenes/levir-cc-test-000133/overview_A_B_reference.png
levir-cc_test_000133,Guided,0.5727857228698474,1.0,1.0,0.7650321475784161,0.5,some houses are built along the road .,/root/autodl-tmp/mga-artifacts/segearth-ov3/building-road-100x3-v3/scenes/levir-cc-test-000133/overview_A_B_reference.png
levir-cc_test_000133,Change-Agent,0.5727857228698474,1.0,1.0,0.7650321475784161,0.5,two houses are built on the bareland along the road,/root/autodl-tmp/mga-artifacts/segearth-ov3/building-road-100x3-v3/scenes/levir-cc-test-000133/overview_A_B_reference.png
levir-cc_test_000153,Draft,0.3319855436405592,1.0,0.5,0.5325920490023076,0.5,a road with houses around is built at the bottom right corner .,/root/autodl-tmp/mga-artifacts/segearth-ov3/building-road-100x3-v3/scenes/levir-cc-test-000153/overview_A_B_reference.png
levir-cc_test_000153,Guided,0.3319855436405592,1.0,0.5,0.5325920490023076,0.5,a road with houses around is built at the bottom right corner .,/root/autodl-tmp/mga-artifacts/segearth-ov3/building-road-100x3-v3/scenes/levir-cc-test-000153/overview_A_B_reference.png
levir-cc_test_000153,Change-Agent,0.6639710872811184,1.0,1.0,0.8151840980046152,0.5,many houses are built along the road,/root/autodl-tmp/mga-artifacts/segearth-ov3/building-road-100x3-v3/scenes/levir-cc-test-000153/overview_A_B_reference.png
levir-cc_test_000158,Draft,0.7859059030288748,1.0,0.9772945314998401,0.8777071529658491,0.0,many houses are built around the road .,/root/autodl-tmp/mga-artifacts/segearth-ov3/building-road-100x3-v3/scenes/levir-cc-test-000158/overview_A_B_reference.png
levir-cc_test_000158,Guided,0.7859059030288748,1.0,0.9772945314998401,0.8777071529658491,0.0,many houses have been built around the road .,/root/autodl-tmp/mga-artifacts/segearth-ov3/building-road-100x3-v3/scenes/levir-cc-test-000158/overview_A_B_reference.png
levir-cc_test_000158,Change-Agent,0.7859059030288748,1.0,0.9772945314998401,0.8777071529658491,0.0,many houses are built along the road,/root/autodl-tmp/mga-artifacts/segearth-ov3/building-road-100x3-v3/scenes/levir-cc-test-000158/overview_A_B_reference.png
levir-cc_test_000172,Draft,0.5760782234532061,1.0,0.969416126042632,0.7607262481077899,1.0,several houses are built in the bottom left corner of the scene .,/root/autodl-tmp/mga-artifacts/segearth-ov3/building-road-100x3-v3/scenes/levir-cc-test-000172/overview_A_B_reference.png
levir-cc_test_000172,Guided,0.5760782234532061,1.0,0.969416126042632,0.7607262481077899,1.0,several houses are built in the bottom left corner of the scene .,/root/autodl-tmp/mga-artifacts/segearth-ov3/building-road-100x3-v3/scenes/levir-cc-test-000172/overview_A_B_reference.png
levir-cc_test_000172,Change-Agent,0.5760782234532061,1.0,0.969416126042632,0.7607262481077899,1.0,two houses appear in the lower-left corner of the scene,/root/autodl-tmp/mga-artifacts/segearth-ov3/building-road-100x3-v3/scenes/levir-cc-test-000172/overview_A_B_reference.png
levir-cc_test_000192,Draft,0.689233868930424,1.0,0.9757266778268148,0.8242239634770963,0.5,a road with houses built along appears in the center of the scene .,/root/autodl-tmp/mga-artifacts/segearth-ov3/building-road-100x3-v3/scenes/levir-cc-test-000192/overview_A_B_reference.png
levir-cc_test_000192,Guided,0.689233868930424,1.0,0.9757266778268148,0.8242239634770963,0.5,a road with houses built along appears in the center of the scene .,/root/autodl-tmp/mga-artifacts/segearth-ov3/building-road-100x3-v3/scenes/levir-cc-test-000192/overview_A_B_reference.png
levir-cc_test_000192,Change-Agent,0.4164590184022287,0.9444444444444444,0.532258064516129,0.5716151841355628,0.0,the road has been removed and many houses are built along the road,/root/autodl-tmp/mga-artifacts/segearth-ov3/building-road-100x3-v3/scenes/levir-cc-test-000192/overview_A_B_reference.png
levir-cc_test_000200,Draft,0.38603314817879375,0.9444444444444444,0.4196048741798255,0.5323503174454128,0.0,many houses are built on both sides of the road .,/root/autodl-tmp/mga-artifacts/segearth-ov3/building-road-100x3-v3/scenes/levir-cc-test-000200/overview_A_B_reference.png
levir-cc_test_000200,Guided,0.38603314817879375,0.9444444444444444,0.4196048741798255,0.5323503174454128,0.0,many houses are built on both sides of the road .,/root/autodl-tmp/mga-artifacts/segearth-ov3/building-road-100x3-v3/scenes/levir-cc-test-000200/overview_A_B_reference.png
levir-cc_test_000200,Change-Agent,0.7720662963575875,0.9444444444444444,0.839209748359651,0.8285895237797145,0.0,many houses are built along the roads,/root/autodl-tmp/mga-artifacts/segearth-ov3/building-road-100x3-v3/scenes/levir-cc-test-000200/overview_A_B_reference.png
levir-cc_test_000205,Draft,0.5630173243503369,1.0,1.0,0.7596595283926854,1.0,a villa has been built in the upper left corner of the scene .,/root/autodl-tmp/mga-artifacts/segearth-ov3/building-road-100x3-v3/scenes/levir-cc-test-000205/overview_A_B_reference.png
levir-cc_test_000205,Guided,0.5630173243503369,1.0,1.0,0.7596595283926854,1.0,a new structure has been built in the upper left corner of the scene .,/root/autodl-tmp/mga-artifacts/segearth-ov3/building-road-100x3-v3/scenes/levir-cc-test-000205/overview_A_B_reference.png
levir-cc_test_000205,Change-Agent,0.5630173243503369,1.0,1.0,0.7596595283926854,1.0,a house appears in the upper left corner of the scene,/root/autodl-tmp/mga-artifacts/segearth-ov3/building-road-100x3-v3/scenes/levir-cc-test-000205/overview_A_B_reference.png
levir-cc_test_000210,Draft,0.8975479313824419,1.0,1.0,0.9436513622603431,0.0,a row of villas are built along the road .,/root/autodl-tmp/mga-artifacts/segearth-ov3/building-road-100x3-v3/scenes/levir-cc-test-000210/overview_A_B_reference.png
levir-cc_test_000210,Guided,0.8975479313824419,1.0,1.0,0.9436513622603431,0.0,a row of villas has been built along the road .,/root/autodl-tmp/mga-artifacts/segearth-ov3/building-road-100x3-v3/scenes/levir-cc-test-000210/overview_A_B_reference.png
levir-cc_test_000210,Change-Agent,0.8975479313824419,1.0,1.0,0.9436513622603431,0.0,some houses are built along the road,/root/autodl-tmp/mga-artifacts/segearth-ov3/building-road-100x3-v3/scenes/levir-cc-test-000210/overview_A_B_reference.png
levir-cc_test_000228,Draft,0.7495043048177321,1.0,1.0,0.8622273676497527,0.5,a road with four houses around replaces many plants .,/root/autodl-tmp/mga-artifacts/segearth-ov3/building-road-100x3-v3/scenes/levir-cc-test-000228/overview_A_B_reference.png
levir-cc_test_000228,Guided,0.7536023067698056,1.0,1.0,0.8644812687233931,0.5,a road and four houses have been constructed to replace many plants .,/root/autodl-tmp/mga-artifacts/segearth-ov3/building-road-100x3-v3/scenes/levir-cc-test-000228/overview_A_B_reference.png
levir-cc_test_000228,Change-Agent,0.7495043048177321,1.0,1.0,0.8622273676497527,0.5,a road with some houses around replaces the woods,/root/autodl-tmp/mga-artifacts/segearth-ov3/building-road-100x3-v3/scenes/levir-cc-test-000228/overview_A_B_reference.png
levir-cc_test_000236,Draft,0.4089334673734235,1.0,0.5,0.574913407055383,0.0,a road is built across the forest and several villas are constructed on both sides of the road .,/root/autodl-tmp/mga-artifacts/segearth-ov3/building-road-100x3-v3/scenes/levir-cc-test-000236/overview_A_B_reference.png
levir-cc_test_000236,Guided,0.4089334673734235,1.0,0.5,0.574913407055383,0.0,a road and several buildings have been constructed .,/root/autodl-tmp/mga-artifacts/segearth-ov3/building-road-100x3-v3/scenes/levir-cc-test-000236/overview_A_B_reference.png
levir-cc_test_000236,Change-Agent,0.0,0.0,0.0,0.0,0.0,a road with a path appears in the desert,/root/autodl-tmp/mga-artifacts/segearth-ov3/building-road-100x3-v3/scenes/levir-cc-test-000236/overview_A_B_reference.png
levir-cc_test_000241,Draft,0.8111468812877263,1.0,1.0,0.8961307847082495,0.0,a building with a parking lot appears on the right side of the scene .,/root/autodl-tmp/mga-artifacts/segearth-ov3/building-road-100x3-v3/scenes/levir-cc-test-000241/overview_A_B_reference.png
levir-cc_test_000241,Guided,0.8111468812877263,1.0,1.0,0.8961307847082495,0.0,a building with a parking lot appears on the right side of the scene .,/root/autodl-tmp/mga-artifacts/segearth-ov3/building-road-100x3-v3/scenes/levir-cc-test-000241/overview_A_B_reference.png
levir-cc_test_000241,Change-Agent,0.8111468812877263,1.0,1.0,0.8961307847082495,0.0,a large building with a parking lot is built on the bareland,/root/autodl-tmp/mga-artifacts/segearth-ov3/building-road-100x3-v3/scenes/levir-cc-test-000241/overview_A_B_reference.png
levir-cc_test_000248,Draft,0.0,0.0,0.0,0.0,0.0,a house appears on the left side of the scene .,/root/autodl-tmp/mga-artifacts/segearth-ov3/building-road-100x3-v3/scenes/levir-cc-test-000248/overview_A_B_reference.png
levir-cc_test_000248,Guided,0.0,0.0,,0.0,0.0,no change has occurred .,/root/autodl-tmp/mga-artifacts/segearth-ov3/building-road-100x3-v3/scenes/levir-cc-test-000248/overview_A_B_reference.png
levir-cc_test_000248,Change-Agent,0.0,0.0,,0.0,0.0,the scene is the same as before,/root/autodl-tmp/mga-artifacts/segearth-ov3/building-road-100x3-v3/scenes/levir-cc-test-000248/overview_A_B_reference.png
levir-cc_test_000276,Draft,0.6207721511044176,0.9428571428571428,1.0,0.7771389688217154,1.0,all trees are removed and four rows of houses are built .,/root/autodl-tmp/mga-artifacts/segearth-ov3/building-road-100x3-v3/scenes/levir-cc-test-000276/overview_A_B_reference.png
levir-cc_test_000276,Guided,0.6207721511044176,0.9428571428571428,1.0,0.7771389688217154,1.0,all trees are removed and four rows of houses are built .,/root/autodl-tmp/mga-artifacts/segearth-ov3/building-road-100x3-v3/scenes/levir-cc-test-000276/overview_A_B_reference.png
levir-cc_test_000276,Change-Agent,0.6207721511044176,0.9428571428571428,1.0,0.7771389688217154,0.5,the vegetation is removed and many houses are built along the roads,/root/autodl-tmp/mga-artifacts/segearth-ov3/building-road-100x3-v3/scenes/levir-cc-test-000276/overview_A_B_reference.png
levir-cc_test_000285,Draft,0.5163427449041317,1.0,0.8882800070708856,0.7116445111114496,1.0,a building with a parking lot replaces some trees .,/root/autodl-tmp/mga-artifacts/segearth-ov3/building-road-100x3-v3/scenes/levir-cc-test-000285/overview_A_B_reference.png
levir-cc_test_000285,Guided,0.5163427449041317,1.0,0.8882800070708856,0.7116445111114496,1.0,a building with a parking lot has replaced some trees and smaller structures .,/root/autodl-tmp/mga-artifacts/segearth-ov3/building-road-100x3-v3/scenes/levir-cc-test-000285/overview_A_B_reference.png
levir-cc_test_000285,Change-Agent,0.5351548062202477,1.0,0.8466763706938379,0.7136704175599038,1.0,a large building is built in the center of the scene,/root/autodl-tmp/mga-artifacts/segearth-ov3/building-road-100x3-v3/scenes/levir-cc-test-000285/overview_A_B_reference.png
levir-cc_test_000287,Draft,0.5806088733431458,0.7142857142857143,0.6924028705765899,0.6363868830254767,1.0,some buildings and a parking lot appear on the bareland .,/root/autodl-tmp/mga-artifacts/segearth-ov3/building-road-100x3-v3/scenes/levir-cc-test-000287/overview_A_B_reference.png
levir-cc_test_000287,Guided,0.5806088733431458,0.7142857142857143,0.6924028705765899,0.6363868830254767,1.0,some buildings and a parking lot appear on the bareland .,/root/autodl-tmp/mga-artifacts/segearth-ov3/building-road-100x3-v3/scenes/levir-cc-test-000287/overview_A_B_reference.png
levir-cc_test_000287,Change-Agent,0.5806088733431458,0.7142857142857143,0.6924028705765899,0.6363868830254767,1.0,some buildings with parking lots are built on the bareland,/root/autodl-tmp/mga-artifacts/segearth-ov3/building-road-100x3-v3/scenes/levir-cc-test-000287/overview_A_B_reference.png
levir-cc_test_000298,Draft,0.35495868735750324,1.0,0.46223744972441533,0.5376747679915098,0.3333333333333333,a road is built and some houses are built along the road .,/root/autodl-tmp/mga-artifacts/segearth-ov3/building-road-100x3-v3/scenes/levir-cc-test-000298/overview_A_B_reference.png
levir-cc_test_000298,Guided,0.7099173747150065,1.0,0.9244748994488307,0.8253495359830197,0.5,some houses are built along the road .,/root/autodl-tmp/mga-artifacts/segearth-ov3/building-road-100x3-v3/scenes/levir-cc-test-000298/overview_A_B_reference.png
levir-cc_test_000298,Change-Agent,0.7099173747150065,1.0,0.9244748994488307,0.8253495359830197,0.5,some houses are built along the road,/root/autodl-tmp/mga-artifacts/segearth-ov3/building-road-100x3-v3/scenes/levir-cc-test-000298/overview_A_B_reference.png
levir-cc_test_000300,Draft,0.5517826086956522,1.0,1.0,0.7534804347826087,1.0,several houses are built on the right side of the scene .,/root/autodl-tmp/mga-artifacts/segearth-ov3/building-road-100x3-v3/scenes/levir-cc-test-000300/overview_A_B_reference.png
levir-cc_test_000300,Guided,0.5517826086956522,1.0,1.0,0.7534804347826087,1.0,several houses are built on the right side of the scene .,/root/autodl-tmp/mga-artifacts/segearth-ov3/building-road-100x3-v3/scenes/levir-cc-test-000300/overview_A_B_reference.png
levir-cc_test_000300,Change-Agent,0.5517826086956522,1.0,1.0,0.7534804347826087,1.0,two buildings appear on the bareland,/root/autodl-tmp/mga-artifacts/segearth-ov3/building-road-100x3-v3/scenes/levir-cc-test-000300/overview_A_B_reference.png
levir-cc_test_000308,Draft,0.7445457862094127,1.0,1.0,0.859500182415177,0.0,massive buildings appear in the desert .,/root/autodl-tmp/mga-artifacts/segearth-ov3/building-road-100x3-v3/scenes/levir-cc-test-000308/overview_A_B_reference.png
levir-cc_test_000308,Guided,0.7445457862094127,1.0,1.0,0.859500182415177,0.0,massive buildings appear in the desert .,/root/autodl-tmp/mga-artifacts/segearth-ov3/building-road-100x3-v3/scenes/levir-cc-test-000308/overview_A_B_reference.png
levir-cc_test_000308,Change-Agent,0.6898889268599806,1.0,1.0,0.8294389097729894,0.5,massive buildings and a road appear in the desert,/root/autodl-tmp/mga-artifacts/segearth-ov3/building-road-100x3-v3/scenes/levir-cc-test-000308/overview_A_B_reference.png
levir-cc_test_000314,Draft,0.7350374532657398,1.0,0.9662729740167739,0.8475251940995117,0.5,a road is built with villas built along and some trees are removed .,/root/autodl-tmp/mga-artifacts/segearth-ov3/building-road-100x3-v3/scenes/levir-cc-test-000314/overview_A_B_reference.png
levir-cc_test_000314,Guided,0.7350374532657398,1.0,0.9662729740167739,0.8475251940995117,0.5,a road is built with villas built along and some trees are removed .,/root/autodl-tmp/mga-artifacts/segearth-ov3/building-road-100x3-v3/scenes/levir-cc-test-000314/overview_A_B_reference.png
levir-cc_test_000314,Change-Agent,0.7350374532657398,1.0,0.9662729740167739,0.8475251940995117,0.5,two rows of houses are built on both sides of the road,/root/autodl-tmp/mga-artifacts/segearth-ov3/building-road-100x3-v3/scenes/levir-cc-test-000314/overview_A_B_reference.png
levir-cc_test_000321,Draft,0.7244367796018163,1.0,1.0,0.848440228780999,1.0,some houses are built in the top right corner of the scene .,/root/autodl-tmp/mga-artifacts/segearth-ov3/building-road-100x3-v3/scenes/levir-cc-test-000321/overview_A_B_reference.png
levir-cc_test_000321,Guided,0.7244367796018163,1.0,1.0,0.848440228780999,1.0,some houses are built in the top right corner of the scene .,/root/autodl-tmp/mga-artifacts/segearth-ov3/building-road-100x3-v3/scenes/levir-cc-test-000321/overview_A_B_reference.png
levir-cc_test_000321,Change-Agent,0.7244367796018163,1.0,1.0,0.848440228780999,1.0,a row of houses is built on the bareland,/root/autodl-tmp/mga-artifacts/segearth-ov3/building-road-100x3-v3/scenes/levir-cc-test-000321/overview_A_B_reference.png
levir-cc_test_000322,Draft,0.7299830444611906,0.8888888888888888,1.0,0.8237128966758771,0.5,a row of houses is built along the road .,/root/autodl-tmp/mga-artifacts/segearth-ov3/building-road-100x3-v3/scenes/levir-cc-test-000322/overview_A_B_reference.png
levir-cc_test_000322,Guided,0.7299830444611906,0.8888888888888888,1.0,0.8237128966758771,0.5,a row of houses is built along the road .,/root/autodl-tmp/mga-artifacts/segearth-ov3/building-road-100x3-v3/scenes/levir-cc-test-000322/overview_A_B_reference.png
levir-cc_test_000322,Change-Agent,0.7299830444611906,0.8888888888888888,1.0,0.8237128966758771,0.5,a row of houses is built along the road,/root/autodl-tmp/mga-artifacts/segearth-ov3/building-road-100x3-v3/scenes/levir-cc-test-000322/overview_A_B_reference.png
levir-cc_test_000331,Draft,0.7741951082858252,1.0,0.9903390617742684,0.8738751219120575,0.0,a road and a large building appear in the former forest .,/root/autodl-tmp/mga-artifacts/segearth-ov3/building-road-100x3-v3/scenes/levir-cc-test-000331/overview_A_B_reference.png
levir-cc_test_000331,Guided,0.7741951082858252,1.0,0.9903390617742684,0.8738751219120575,0.0,a large building and a road have been constructed in the area that was previously a forest .,/root/autodl-tmp/mga-artifacts/segearth-ov3/building-road-100x3-v3/scenes/levir-cc-test-000331/overview_A_B_reference.png
levir-cc_test_000331,Change-Agent,0.7741951082858252,1.0,0.9903390617742684,0.8738751219120575,0.0,trees are removed and a road with villas built along appear,/root/autodl-tmp/mga-artifacts/segearth-ov3/building-road-100x3-v3/scenes/levir-cc-test-000331/overview_A_B_reference.png
levir-cc_test_000333,Draft,0.2393404945799935,1.0,0.027446300715990413,0.3871265321621945,0.0,a building appears in the upper right corner of the scene .,/root/autodl-tmp/mga-artifacts/segearth-ov3/building-road-100x3-v3/scenes/levir-cc-test-000333/overview_A_B_reference.png
levir-cc_test_000333,Guided,0.2393404945799935,1.0,0.027446300715990413,0.3871265321621945,0.0,a building appears in the upper right corner of the scene .,/root/autodl-tmp/mga-artifacts/segearth-ov3/building-road-100x3-v3/scenes/levir-cc-test-000333/overview_A_B_reference.png
levir-cc_test_000333,Change-Agent,0.0,0.0,,0.0,0.0,the scene is the same as before,/root/autodl-tmp/mga-artifacts/segearth-ov3/building-road-100x3-v3/scenes/levir-cc-test-000333/overview_A_B_reference.png
levir-cc_test_000334,Draft,0.5097683379041896,0.7,0.7885724270487506,0.6130870712570544,1.0,some buildings are built on the bareland .,/root/autodl-tmp/mga-artifacts/segearth-ov3/building-road-100x3-v3/scenes/levir-cc-test-000334/overview_A_B_reference.png
levir-cc_test_000334,Guided,0.5097683379041896,0.7,0.7885724270487506,0.6130870712570544,1.0,some buildings are built on the bareland .,/root/autodl-tmp/mga-artifacts/segearth-ov3/building-road-100x3-v3/scenes/levir-cc-test-000334/overview_A_B_reference.png
levir-cc_test_000334,Change-Agent,0.5097683379041896,0.7,0.7885724270487506,0.6130870712570544,1.0,two buildings and a parking lot appear in the desert,/root/autodl-tmp/mga-artifacts/segearth-ov3/building-road-100x3-v3/scenes/levir-cc-test-000334/overview_A_B_reference.png
levir-cc_test_000345,Draft,0.7301620233155504,1.0,1.0,0.8515891128235528,1.0,a building appears at the bottom of the scene .,/root/autodl-tmp/mga-artifacts/segearth-ov3/building-road-100x3-v3/scenes/levir-cc-test-000345/overview_A_B_reference.png
levir-cc_test_000345,Guided,0.7301620233155504,1.0,1.0,0.8515891128235528,1.0,a building appears at the bottom of the scene .,/root/autodl-tmp/mga-artifacts/segearth-ov3/building-road-100x3-v3/scenes/levir-cc-test-000345/overview_A_B_reference.png
levir-cc_test_000345,Change-Agent,0.7301620233155504,1.0,1.0,0.8515891128235528,1.0,some buildings appear in the forest,/root/autodl-tmp/mga-artifacts/segearth-ov3/building-road-100x3-v3/scenes/levir-cc-test-000345/overview_A_B_reference.png
levir-cc_test_000349,Draft,0.7655163974547234,1.0,1.0,0.871034018600098,0.0,some buildings are built in the woods along the road .,/root/autodl-tmp/mga-artifacts/segearth-ov3/building-road-100x3-v3/scenes/levir-cc-test-000349/overview_A_B_reference.png
levir-cc_test_000349,Guided,0.7655163974547234,1.0,1.0,0.871034018600098,0.0,new buildings have been constructed along the road in the wooded area .,/root/autodl-tmp/mga-artifacts/segearth-ov3/building-road-100x3-v3/scenes/levir-cc-test-000349/overview_A_B_reference.png
levir-cc_test_000349,Change-Agent,0.7655163974547234,1.0,1.0,0.871034018600098,0.0,some houses are built along the road,/root/autodl-tmp/mga-artifacts/segearth-ov3/building-road-100x3-v3/scenes/levir-cc-test-000349/overview_A_B_reference.png
levir-cc_test_000362,Draft,0.8170872188699945,0.625,1.0,0.805647970378497,0.0,some houses are built along the road .,/root/autodl-tmp/mga-artifacts/segearth-ov3/building-road-100x3-v3/scenes/levir-cc-test-000362/overview_A_B_reference.png
levir-cc_test_000362,Guided,0.8170872188699945,0.625,1.0,0.805647970378497,0.0,new houses are built along the road .,/root/autodl-tmp/mga-artifacts/segearth-ov3/building-road-100x3-v3/scenes/levir-cc-test-000362/overview_A_B_reference.png
levir-cc_test_000362,Change-Agent,0.8170872188699945,0.625,1.0,0.805647970378497,0.0,some houses are built along the road,/root/autodl-tmp/mga-artifacts/segearth-ov3/building-road-100x3-v3/scenes/levir-cc-test-000362/overview_A_B_reference.png
levir-cc_test_000363,Draft,0.8693649685973482,1.0,1.0,0.9281507327285416,0.0,some houses are built in the woods in the upper left corner of the scene .,/root/autodl-tmp/mga-artifacts/segearth-ov3/building-road-100x3-v3/scenes/levir-cc-test-000363/overview_A_B_reference.png
levir-cc_test_000363,Guided,0.8693649685973482,1.0,1.0,0.9281507327285416,0.0,some houses are built in the woods in the upper left corner of the scene .,/root/autodl-tmp/mga-artifacts/segearth-ov3/building-road-100x3-v3/scenes/levir-cc-test-000363/overview_A_B_reference.png
levir-cc_test_000363,Change-Agent,0.8693649685973482,1.0,1.0,0.9281507327285416,0.0,two houses are built in the top left corner of the scene,/root/autodl-tmp/mga-artifacts/segearth-ov3/building-road-100x3-v3/scenes/levir-cc-test-000363/overview_A_B_reference.png
levir-cc_test_000366,Draft,0.6366750078198311,1.0,1.0,0.8001712543009072,0.5,some houses are built in the woods along the road .,/root/autodl-tmp/mga-artifacts/segearth-ov3/building-road-100x3-v3/scenes/levir-cc-test-000366/overview_A_B_reference.png
levir-cc_test_000366,Guided,0.6366750078198311,1.0,1.0,0.8001712543009072,0.5,new houses have been built along the road in the wooded area .,/root/autodl-tmp/mga-artifacts/segearth-ov3/building-road-100x3-v3/scenes/levir-cc-test-000366/overview_A_B_reference.png
levir-cc_test_000366,Change-Agent,0.6366750078198311,1.0,1.0,0.8001712543009072,0.5,two houses are built in the woods along the road,/root/autodl-tmp/mga-artifacts/segearth-ov3/building-road-100x3-v3/scenes/levir-cc-test-000366/overview_A_B_reference.png
levir-cc_test_000374,Draft,0.31946100946541034,1.0,0.5628263139575357,0.5382688179974828,0.0,a row of houses is built on the bareland along the road .,/root/autodl-tmp/mga-artifacts/segearth-ov3/building-road-100x3-v3/scenes/levir-cc-test-000374/overview_A_B_reference.png
levir-cc_test_000374,Guided,0.31946100946541034,1.0,0.5628263139575357,0.5382688179974828,0.0,a row of houses is built on the bareland along the road .,/root/autodl-tmp/mga-artifacts/segearth-ov3/building-road-100x3-v3/scenes/levir-cc-test-000374/overview_A_B_reference.png
levir-cc_test_000374,Change-Agent,0.31946100946541034,1.0,0.5628263139575357,0.5382688179974828,0.0,two houses are built on the bareland along the road,/root/autodl-tmp/mga-artifacts/segearth-ov3/building-road-100x3-v3/scenes/levir-cc-test-000374/overview_A_B_reference.png
levir-cc_test_000376,Draft,0.5350979090607368,1.0,1.0,0.7443038499834054,1.0,some houses are built in the woods .,/root/autodl-tmp/mga-artifacts/segearth-ov3/building-road-100x3-v3/scenes/levir-cc-test-000376/overview_A_B_reference.png
levir-cc_test_000376,Guided,0.5350979090607368,1.0,1.0,0.7443038499834054,1.0,some houses are built in the woods .,/root/autodl-tmp/mga-artifacts/segearth-ov3/building-road-100x3-v3/scenes/levir-cc-test-000376/overview_A_B_reference.png
levir-cc_test_000376,Change-Agent,0.5350979090607368,1.0,1.0,0.7443038499834054,1.0,some houses are built in the woods,/root/autodl-tmp/mga-artifacts/segearth-ov3/building-road-100x3-v3/scenes/levir-cc-test-000376/overview_A_B_reference.png
levir-cc_test_000379,Draft,0.606890189591551,1.0,1.0,0.7837896042753532,1.0,some houses are built in the upper left corner of the scene .,/root/autodl-tmp/mga-artifacts/segearth-ov3/building-road-100x3-v3/scenes/levir-cc-test-000379/overview_A_B_reference.png
levir-cc_test_000379,Guided,0.606890189591551,1.0,1.0,0.7837896042753532,1.0,some houses are built in the upper left corner of the scene .,/root/autodl-tmp/mga-artifacts/segearth-ov3/building-road-100x3-v3/scenes/levir-cc-test-000379/overview_A_B_reference.png
levir-cc_test_000379,Change-Agent,0.606890189591551,1.0,1.0,0.7837896042753532,1.0,some houses are built in the corner of the scene,/root/autodl-tmp/mga-artifacts/segearth-ov3/building-road-100x3-v3/scenes/levir-cc-test-000379/overview_A_B_reference.png
levir-cc_test_000385,Draft,0.3966183388601835,1.0,1.0,0.668140086373101,0.0,a building appears in the woods in the lower-left corner .,/root/autodl-tmp/mga-artifacts/segearth-ov3/building-road-100x3-v3/scenes/levir-cc-test-000385/overview_A_B_reference.png
levir-cc_test_000385,Guided,0.3966183388601835,1.0,1.0,0.668140086373101,0.0,a building appears in the woods in the lower-left corner .,/root/autodl-tmp/mga-artifacts/segearth-ov3/building-road-100x3-v3/scenes/levir-cc-test-000385/overview_A_B_reference.png
levir-cc_test_000385,Change-Agent,0.3966183388601835,1.0,1.0,0.668140086373101,0.0,two houses are built in the woods along the road,/root/autodl-tmp/mga-artifacts/segearth-ov3/building-road-100x3-v3/scenes/levir-cc-test-000385/overview_A_B_reference.png
levir-cc_test_000389,Draft,0.5859236067481901,1.0,0.9862886788956828,0.7695157194906412,0.5,some houses are built along the road and some trees are removed .,/root/autodl-tmp/mga-artifacts/segearth-ov3/building-road-100x3-v3/scenes/levir-cc-test-000389/overview_A_B_reference.png
levir-cc_test_000389,Guided,0.5859236067481901,1.0,0.9862886788956828,0.7695157194906412,0.5,some houses are built along the road and some trees are removed .,/root/autodl-tmp/mga-artifacts/segearth-ov3/building-road-100x3-v3/scenes/levir-cc-test-000389/overview_A_B_reference.png
levir-cc_test_000389,Change-Agent,0.5859236067481901,1.0,0.9862886788956828,0.7695157194906412,0.5,some houses are built along the road,/root/autodl-tmp/mga-artifacts/segearth-ov3/building-road-100x3-v3/scenes/levir-cc-test-000389/overview_A_B_reference.png
levir-cc_test_000390,Draft,0.4290403682719547,0.5,1.0,0.5609722025495751,0.0,a building appears in the forest in the upper right corner of the scene .,/root/autodl-tmp/mga-artifacts/segearth-ov3/building-road-100x3-v3/scenes/levir-cc-test-000390/overview_A_B_reference.png
levir-cc_test_000390,Guided,0.0,0.0,,0.0,0.0,no change has occurred .,/root/autodl-tmp/mga-artifacts/segearth-ov3/building-road-100x3-v3/scenes/levir-cc-test-000390/overview_A_B_reference.png
levir-cc_test_000390,Change-Agent,0.4290403682719547,0.5,1.0,0.5609722025495751,0.0,two houses are built in the woods along the road,/root/autodl-tmp/mga-artifacts/segearth-ov3/building-road-100x3-v3/scenes/levir-cc-test-000390/overview_A_B_reference.png
levir-cc_test_000393,Draft,0.6468792919273615,1.0,1.0,0.8057836105600489,0.5,some houses are built along the road .,/root/autodl-tmp/mga-artifacts/segearth-ov3/building-road-100x3-v3/scenes/levir-cc-test-000393/overview_A_B_reference.png
levir-cc_test_000393,Guided,0.6468792919273615,1.0,1.0,0.8057836105600489,0.5,new houses are built along the road .,/root/autodl-tmp/mga-artifacts/segearth-ov3/building-road-100x3-v3/scenes/levir-cc-test-000393/overview_A_B_reference.png
levir-cc_test_000393,Change-Agent,0.32343964596368074,1.0,0.5,0.5278918052800244,0.5,two houses are built by the road,/root/autodl-tmp/mga-artifacts/segearth-ov3/building-road-100x3-v3/scenes/levir-cc-test-000393/overview_A_B_reference.png
levir-cc_test_000395,Draft,0.7329013157894737,0.75,1.0,0.7905957236842106,0.5,some houses are built in the woods along the road .,/root/autodl-tmp/mga-artifacts/segearth-ov3/building-road-100x3-v3/scenes/levir-cc-test-000395/overview_A_B_reference.png
levir-cc_test_000395,Guided,0.7329013157894737,0.75,1.0,0.7905957236842106,0.5,new houses are built in the woods along the road .,/root/autodl-tmp/mga-artifacts/segearth-ov3/building-road-100x3-v3/scenes/levir-cc-test-000395/overview_A_B_reference.png
levir-cc_test_000395,Change-Agent,0.7329013157894737,0.75,1.0,0.7905957236842106,0.5,some houses are built along the road,/root/autodl-tmp/mga-artifacts/segearth-ov3/building-road-100x3-v3/scenes/levir-cc-test-000395/overview_A_B_reference.png
levir-cc_test_000402,Draft,0.3760566441202632,1.0,0.8977055449330784,0.6363722632527604,0.0,some houses are built in the woods along the road .,/root/autodl-tmp/mga-artifacts/segearth-ov3/building-road-100x3-v3/scenes/levir-cc-test-000402/overview_A_B_reference.png
levir-cc_test_000402,Guided,0.3760566441202632,1.0,0.8977055449330784,0.6363722632527604,0.0,new houses have been built in the wooded area along the road .,/root/autodl-tmp/mga-artifacts/segearth-ov3/building-road-100x3-v3/scenes/levir-cc-test-000402/overview_A_B_reference.png
levir-cc_test_000402,Change-Agent,0.3760566441202632,1.0,0.8977055449330784,0.6363722632527604,0.0,two houses appear along the road,/root/autodl-tmp/mga-artifacts/segearth-ov3/building-road-100x3-v3/scenes/levir-cc-test-000402/overview_A_B_reference.png
levir-cc_test_000412,Draft,0.6962616822429906,0.8,1.0,0.7829439252336449,0.5,some trees are removed and some houses are built along the road .,/root/autodl-tmp/mga-artifacts/segearth-ov3/building-road-100x3-v3/scenes/levir-cc-test-000412/overview_A_B_reference.png
levir-cc_test_000412,Guided,0.6962616822429906,0.8,1.0,0.7829439252336449,0.5,some trees are removed and houses are built along the road .,/root/autodl-tmp/mga-artifacts/segearth-ov3/building-road-100x3-v3/scenes/levir-cc-test-000412/overview_A_B_reference.png
levir-cc_test_000412,Change-Agent,0.6962616822429906,0.8,1.0,0.7829439252336449,1.0,two villas are built by the roadside,/root/autodl-tmp/mga-artifacts/segearth-ov3/building-road-100x3-v3/scenes/levir-cc-test-000412/overview_A_B_reference.png
levir-cc_test_000413,Draft,0.0,0.0,,0.0,0.0,the two scenes seem identical .,/root/autodl-tmp/mga-artifacts/segearth-ov3/building-road-100x3-v3/scenes/levir-cc-test-000413/overview_A_B_reference.png
levir-cc_test_000413,Guided,0.0,0.0,,0.0,0.0,the two scenes seem identical .,/root/autodl-tmp/mga-artifacts/segearth-ov3/building-road-100x3-v3/scenes/levir-cc-test-000413/overview_A_B_reference.png
levir-cc_test_000413,Change-Agent,0.46965073137126334,1.0,0.9713408393039918,0.7025760701149932,0.5,two houses appear in the woods along the road,/root/autodl-tmp/mga-artifacts/segearth-ov3/building-road-100x3-v3/scenes/levir-cc-test-000413/overview_A_B_reference.png
levir-cc_test_000416,Draft,0.7196784368028311,0.8888888888888888,1.0,0.8180453624637793,0.5,some houses are built along the road and some trees are removed .,/root/autodl-tmp/mga-artifacts/segearth-ov3/building-road-100x3-v3/scenes/levir-cc-test-000416/overview_A_B_reference.png
levir-cc_test_000416,Guided,0.7196784368028311,0.8888888888888888,1.0,0.8180453624637793,0.5,some houses are built along the road and some trees are removed .,/root/autodl-tmp/mga-artifacts/segearth-ov3/building-road-100x3-v3/scenes/levir-cc-test-000416/overview_A_B_reference.png
levir-cc_test_000416,Change-Agent,0.7196784368028311,0.8888888888888888,1.0,0.8180453624637793,0.5,some houses are built along the road,/root/autodl-tmp/mga-artifacts/segearth-ov3/building-road-100x3-v3/scenes/levir-cc-test-000416/overview_A_B_reference.png
levir-cc_test_000421,Draft,0.5282721644925934,1.0,1.0,0.7405496904709263,1.0,a villa is built in the upper right corner of the scene .,/root/autodl-tmp/mga-artifacts/segearth-ov3/building-road-100x3-v3/scenes/levir-cc-test-000421/overview_A_B_reference.png
levir-cc_test_000421,Guided,0.5282721644925934,1.0,1.0,0.7405496904709263,1.0,a villa is built in the upper right corner of the scene .,/root/autodl-tmp/mga-artifacts/segearth-ov3/building-road-100x3-v3/scenes/levir-cc-test-000421/overview_A_B_reference.png
levir-cc_test_000421,Change-Agent,0.5282721644925934,1.0,1.0,0.7405496904709263,0.5,two buildings appear in the woods along the road,/root/autodl-tmp/mga-artifacts/segearth-ov3/building-road-100x3-v3/scenes/levir-cc-test-000421/overview_A_B_reference.png
levir-cc_test_000436,Draft,0.7471308883970913,0.8,1.0,0.8109219886184003,0.0,a row of houses is built at the edge of the woods .,/root/autodl-tmp/mga-artifacts/segearth-ov3/building-road-100x3-v3/scenes/levir-cc-test-000436/overview_A_B_reference.png
levir-cc_test_000436,Guided,0.7471308883970913,0.8,1.0,0.8109219886184003,0.0,a row of houses is built at the edge of the woods .,/root/autodl-tmp/mga-artifacts/segearth-ov3/building-road-100x3-v3/scenes/levir-cc-test-000436/overview_A_B_reference.png
levir-cc_test_000436,Change-Agent,0.40975612269820305,0.2,0.3607176581680831,0.34750939911762835,1.0,a road is built in the forest and some trees are removed,/root/autodl-tmp/mga-artifacts/segearth-ov3/building-road-100x3-v3/scenes/levir-cc-test-000436/overview_A_B_reference.png
levir-cc_test_000443,Draft,0.6394957983193277,0.8571428571428571,1.0,0.7660084033613446,1.0,a row of houses is built at the bottom .,/root/autodl-tmp/mga-artifacts/segearth-ov3/building-road-100x3-v3/scenes/levir-cc-test-000443/overview_A_B_reference.png
levir-cc_test_000443,Guided,0.6394957983193277,0.8571428571428571,1.0,0.7660084033613446,1.0,a row of houses is built at the bottom .,/root/autodl-tmp/mga-artifacts/segearth-ov3/building-road-100x3-v3/scenes/levir-cc-test-000443/overview_A_B_reference.png
levir-cc_test_000443,Change-Agent,0.39831338787986864,1.0,0.6058772687986171,0.5902478170936512,0.5,a road with villas built along appears at the bottom,/root/autodl-tmp/mga-artifacts/segearth-ov3/building-road-100x3-v3/scenes/levir-cc-test-000443/overview_A_B_reference.png
levir-cc_test_000454,Draft,0.7663636233088968,1.0,0.9984868136619109,0.8711973555522755,0.0,all trees are removed and a road with villas built along appears .,/root/autodl-tmp/mga-artifacts/segearth-ov3/building-road-100x3-v3/scenes/levir-cc-test-000454/overview_A_B_reference.png
levir-cc_test_000454,Guided,0.7663636233088968,1.0,0.9984868136619109,0.8711973555522755,0.0,all trees are removed and a road with villas built along appears .,/root/autodl-tmp/mga-artifacts/segearth-ov3/building-road-100x3-v3/scenes/levir-cc-test-000454/overview_A_B_reference.png
levir-cc_test_000454,Change-Agent,0.7663636233088968,1.0,0.9984868136619109,0.8711973555522755,0.0,the vegetation has been removed and a road with many villas built along,/root/autodl-tmp/mga-artifacts/segearth-ov3/building-road-100x3-v3/scenes/levir-cc-test-000454/overview_A_B_reference.png
levir-cc_test_000459,Draft,0.7678297724514989,0.9411764705882353,0.9158302629907255,0.8407665450935283,0.0,a road is built across the forest and villas are built on both sides of the road .,/root/autodl-tmp/mga-artifacts/segearth-ov3/building-road-100x3-v3/scenes/levir-cc-test-000459/overview_A_B_reference.png
levir-cc_test_000459,Guided,0.7678297724514989,0.9411764705882353,0.9158302629907255,0.8407665450935283,0.0,a road and multiple villas have been built across the forest .,/root/autodl-tmp/mga-artifacts/segearth-ov3/building-road-100x3-v3/scenes/levir-cc-test-000459/overview_A_B_reference.png
levir-cc_test_000459,Change-Agent,0.7678297724514989,0.9411764705882353,0.9158302629907255,0.8407665450935283,0.0,the vegetation has been removed and a cross road with villas built along,/root/autodl-tmp/mga-artifacts/segearth-ov3/building-road-100x3-v3/scenes/levir-cc-test-000459/overview_A_B_reference.png
levir-cc_test_000466,Draft,0.4713333333333333,1.0,1.0,0.7092333333333334,0.0,a small house appears in the forest .,/root/autodl-tmp/mga-artifacts/segearth-ov3/building-road-100x3-v3/scenes/levir-cc-test-000466/overview_A_B_reference.png
levir-cc_test_000466,Guided,0.4713333333333333,1.0,1.0,0.7092333333333334,0.0,a small house appears in the forest .,/root/autodl-tmp/mga-artifacts/segearth-ov3/building-road-100x3-v3/scenes/levir-cc-test-000466/overview_A_B_reference.png
levir-cc_test_000466,Change-Agent,0.0,0.0,,0.0,0.0,the scene is the same as before,/root/autodl-tmp/mga-artifacts/segearth-ov3/building-road-100x3-v3/scenes/levir-cc-test-000466/overview_A_B_reference.png
levir-cc_test_000475,Draft,0.685924058820411,1.0,0.99594682230869,0.8264475968129641,0.5,a road with villas built around is built in the woods .,/root/autodl-tmp/mga-artifacts/segearth-ov3/building-road-100x3-v3/scenes/levir-cc-test-000475/overview_A_B_reference.png
levir-cc_test_000475,Guided,0.685924058820411,1.0,0.99594682230869,0.8264475968129641,0.5,a road with villas built around is built in the woods .,/root/autodl-tmp/mga-artifacts/segearth-ov3/building-road-100x3-v3/scenes/levir-cc-test-000475/overview_A_B_reference.png
levir-cc_test_000475,Change-Agent,0.685924058820411,1.0,0.99594682230869,0.8264475968129641,0.5,a road is built across the forest and several houses are built around it,/root/autodl-tmp/mga-artifacts/segearth-ov3/building-road-100x3-v3/scenes/levir-cc-test-000475/overview_A_B_reference.png
levir-cc_test_000487,Draft,0.44079727652097517,0.5,1.0,0.5674385020865363,0.0,a building with a playground appears in the bareland at the bottom left corner .,/root/autodl-tmp/mga-artifacts/segearth-ov3/building-road-100x3-v3/scenes/levir-cc-test-000487/overview_A_B_reference.png
levir-cc_test_000487,Guided,0.44079727652097517,0.5,1.0,0.5674385020865363,0.0,a building with a playground appears in the bareland at the bottom left corner .,/root/autodl-tmp/mga-artifacts/segearth-ov3/building-road-100x3-v3/scenes/levir-cc-test-000487/overview_A_B_reference.png
levir-cc_test_000487,Change-Agent,0.44079727652097517,0.5,1.0,0.5674385020865363,0.0,a building appears in the bottom right corner of the scene,/root/autodl-tmp/mga-artifacts/segearth-ov3/building-road-100x3-v3/scenes/levir-cc-test-000487/overview_A_B_reference.png
levir-cc_test_000488,Draft,0.6142641346568839,1.0,1.0,0.7878452740612862,1.0,some buildings appear in the forest .,/root/autodl-tmp/mga-artifacts/segearth-ov3/building-road-100x3-v3/scenes/levir-cc-test-000488/overview_A_B_reference.png
levir-cc_test_000488,Guided,0.6142641346568839,1.0,1.0,0.7878452740612862,1.0,some buildings appear in the forest .,/root/autodl-tmp/mga-artifacts/segearth-ov3/building-road-100x3-v3/scenes/levir-cc-test-000488/overview_A_B_reference.png
levir-cc_test_000488,Change-Agent,0.6142641346568839,1.0,1.0,0.7878452740612862,1.0,two houses are built in the forest,/root/autodl-tmp/mga-artifacts/segearth-ov3/building-road-100x3-v3/scenes/levir-cc-test-000488/overview_A_B_reference.png
levir-cc_test_000489,Draft,0.0,0.0,,0.0,0.0,the two scenes seem identical .,/root/autodl-tmp/mga-artifacts/segearth-ov3/building-road-100x3-v3/scenes/levir-cc-test-000489/overview_A_B_reference.png
levir-cc_test_000489,Guided,0.5179507337526206,1.0,1.0,0.7348729035639414,1.0,a building appears in the upper left corner of the scene .,/root/autodl-tmp/mga-artifacts/segearth-ov3/building-road-100x3-v3/scenes/levir-cc-test-000489/overview_A_B_reference.png
levir-cc_test_000489,Change-Agent,0.5179507337526206,1.0,1.0,0.7348729035639414,1.0,a house appears in the upper left corner of the scene,/root/autodl-tmp/mga-artifacts/segearth-ov3/building-road-100x3-v3/scenes/levir-cc-test-000489/overview_A_B_reference.png
levir-cc_test_000500,Draft,0.5609481915933529,0.5,1.0,0.6335215053763441,1.0,a villa is built in the upper left corner of the scene .,/root/autodl-tmp/mga-artifacts/segearth-ov3/building-road-100x3-v3/scenes/levir-cc-test-000500/overview_A_B_reference.png
levir-cc_test_000500,Guided,0.5609481915933529,0.5,1.0,0.6335215053763441,1.0,a villa is built in the upper left corner of the scene .,/root/autodl-tmp/mga-artifacts/segearth-ov3/building-road-100x3-v3/scenes/levir-cc-test-000500/overview_A_B_reference.png
levir-cc_test_000500,Change-Agent,0.5609481915933529,0.5,1.0,0.6335215053763441,1.0,two houses are built by the roadside,/root/autodl-tmp/mga-artifacts/segearth-ov3/building-road-100x3-v3/scenes/levir-cc-test-000500/overview_A_B_reference.png
levir-cc_test_000528,Draft,0.7145813510941961,1.0,1.0,0.8430197431018078,0.5,a row of houses is built along the road .,/root/autodl-tmp/mga-artifacts/segearth-ov3/building-road-100x3-v3/scenes/levir-cc-test-000528/overview_A_B_reference.png
levir-cc_test_000528,Guided,0.7145813510941961,1.0,1.0,0.8430197431018078,0.5,a row of houses is built along the road .,/root/autodl-tmp/mga-artifacts/segearth-ov3/building-road-100x3-v3/scenes/levir-cc-test-000528/overview_A_B_reference.png
levir-cc_test_000528,Change-Agent,0.7145813510941961,1.0,1.0,0.8430197431018078,0.5,some houses are built along the road,/root/autodl-tmp/mga-artifacts/segearth-ov3/building-road-100x3-v3/scenes/levir-cc-test-000528/overview_A_B_reference.png
levir-cc_test_000552,Draft,0.5406468406651036,1.0,0.5211692029531414,0.6515896029564353,0.5,a road with many houses around is built to replace the former forest .,/root/autodl-tmp/mga-artifacts/segearth-ov3/building-road-100x3-v3/scenes/levir-cc-test-000552/overview_A_B_reference.png
levir-cc_test_000552,Guided,0.5406468406651036,1.0,0.5211692029531414,0.6515896029564353,0.5,a road with many houses around is built to replace the former forest .,/root/autodl-tmp/mga-artifacts/segearth-ov3/building-road-100x3-v3/scenes/levir-cc-test-000552/overview_A_B_reference.png
levir-cc_test_000552,Change-Agent,0.6757452329230027,0.9615384615384616,1.0,0.8120444934922669,0.5,massive houses along the roads appear in the desert,/root/autodl-tmp/mga-artifacts/segearth-ov3/building-road-100x3-v3/scenes/levir-cc-test-000552/overview_A_B_reference.png
levir-cc_test_000558,Draft,0.5826358411270437,1.0,0.9924690393841348,0.768943520496701,1.0,a road is built and many villas are constructed on both sides of it .,/root/autodl-tmp/mga-artifacts/segearth-ov3/building-road-100x3-v3/scenes/levir-cc-test-000558/overview_A_B_reference.png
levir-cc_test_000558,Guided,0.5826358411270437,1.0,0.9924690393841348,0.768943520496701,1.0,a road is built and several villas are constructed on both sides of it .,/root/autodl-tmp/mga-artifacts/segearth-ov3/building-road-100x3-v3/scenes/levir-cc-test-000558/overview_A_B_reference.png
levir-cc_test_000558,Change-Agent,0.5826358411270437,1.0,0.9924690393841348,0.768943520496701,1.0,the vegetation is removed and a road with many houses around is built,/root/autodl-tmp/mga-artifacts/segearth-ov3/building-road-100x3-v3/scenes/levir-cc-test-000558/overview_A_B_reference.png
levir-cc_test_000564,Draft,0.0,0.0,0.0,0.0,0.0,a building appears at the top right corner of the scene .,/root/autodl-tmp/mga-artifacts/segearth-ov3/building-road-100x3-v3/scenes/levir-cc-test-000564/overview_A_B_reference.png
levir-cc_test_000564,Guided,0.0,0.0,0.0,0.0,0.0,a building appears at the top right corner of the scene .,/root/autodl-tmp/mga-artifacts/segearth-ov3/building-road-100x3-v3/scenes/levir-cc-test-000564/overview_A_B_reference.png
levir-cc_test_000564,Change-Agent,0.0,0.0,0.0,0.0,0.0,a building with a parking lot is built on the bareland,/root/autodl-tmp/mga-artifacts/segearth-ov3/building-road-100x3-v3/scenes/levir-cc-test-000564/overview_A_B_reference.png
levir-cc_test_000613,Draft,0.44289096648858667,1.0,1.0,0.6935900315687227,0.0,a road appears in the bottom right corner of the scene .,/root/autodl-tmp/mga-artifacts/segearth-ov3/building-road-100x3-v3/scenes/levir-cc-test-000613/overview_A_B_reference.png
levir-cc_test_000613,Guided,0.44289096648858667,1.0,1.0,0.6935900315687227,0.0,a road appears in the bottom right corner of the scene .,/root/autodl-tmp/mga-artifacts/segearth-ov3/building-road-100x3-v3/scenes/levir-cc-test-000613/overview_A_B_reference.png
levir-cc_test_000613,Change-Agent,0.44289096648858667,1.0,1.0,0.6935900315687227,0.0,the vegetation has been removed and a road is built,/root/autodl-tmp/mga-artifacts/segearth-ov3/building-road-100x3-v3/scenes/levir-cc-test-000613/overview_A_B_reference.png
levir-cc_test_000622,Draft,0.6805544116133018,0.9354838709677419,1.0,0.8081758941292515,0.5,massive houses along the roads replace the forest .,/root/autodl-tmp/mga-artifacts/segearth-ov3/building-road-100x3-v3/scenes/levir-cc-test-000622/overview_A_B_reference.png
levir-cc_test_000622,Guided,0.6805544116133018,0.9354838709677419,1.0,0.8081758941292515,0.5,massive houses along the roads replace the forest .,/root/autodl-tmp/mga-artifacts/segearth-ov3/building-road-100x3-v3/scenes/levir-cc-test-000622/overview_A_B_reference.png
levir-cc_test_000622,Change-Agent,0.7998015913301655,1.0,1.0,0.889890875231591,0.5,the vegetation disappears and two roads with rows of villas built along,/root/autodl-tmp/mga-artifacts/segearth-ov3/building-road-100x3-v3/scenes/levir-cc-test-000622/overview_A_B_reference.png
levir-cc_test_000623,Draft,0.6575210084033614,0.9473684210526315,1.0,0.7984786598850067,1.0,the vegetation is replaced by a residential area .,/root/autodl-tmp/mga-artifacts/segearth-ov3/building-road-100x3-v3/scenes/levir-cc-test-000623/overview_A_B_reference.png
levir-cc_test_000623,Guided,0.6575210084033614,0.9473684210526315,1.0,0.7984786598850067,1.0,the vegetation is replaced by a residential area .,/root/autodl-tmp/mga-artifacts/segearth-ov3/building-road-100x3-v3/scenes/levir-cc-test-000623/overview_A_B_reference.png
levir-cc_test_000623,Change-Agent,0.6543706754686371,1.0,1.0,0.8099038715077505,1.0,the vegetation disappears and a road with many houses built along,/root/autodl-tmp/mga-artifacts/segearth-ov3/building-road-100x3-v3/scenes/levir-cc-test-000623/overview_A_B_reference.png
levir-cc_test_000647,Draft,0.7669626888570595,1.0,1.0,0.8718294788713827,0.3333333333333333,a road with a branch is built and some houses are built on the bareland along the road .,/root/autodl-tmp/mga-artifacts/segearth-ov3/building-road-100x3-v3/scenes/levir-cc-test-000647/overview_A_B_reference.png
levir-cc_test_000647,Guided,0.7669626888570595,1.0,1.0,0.8718294788713827,0.3333333333333333,a road with a branch is built and some houses are built on the bareland along the road .,/root/autodl-tmp/mga-artifacts/segearth-ov3/building-road-100x3-v3/scenes/levir-cc-test-000647/overview_A_B_reference.png
levir-cc_test_000647,Change-Agent,0.8164424065821049,0.3333333333333333,1.0,0.7323766569534911,0.0,a t-shaped road is built with a branch of the road,/root/autodl-tmp/mga-artifacts/segearth-ov3/building-road-100x3-v3/scenes/levir-cc-test-000647/overview_A_B_reference.png
levir-cc_test_000652,Draft,0.6795794561933535,0.9615384615384616,1.0,0.8141533162909599,0.5,massive houses along the roads appear in the desert .,/root/autodl-tmp/mga-artifacts/segearth-ov3/building-road-100x3-v3/scenes/levir-cc-test-000652/overview_A_B_reference.png
levir-cc_test_000652,Guided,0.6795794561933535,0.9615384615384616,1.0,0.8141533162909599,0.5,massive houses along the roads appear in the desert .,/root/autodl-tmp/mga-artifacts/segearth-ov3/building-road-100x3-v3/scenes/levir-cc-test-000652/overview_A_B_reference.png
levir-cc_test_000652,Change-Agent,0.6795794561933535,0.9615384615384616,1.0,0.8141533162909599,0.5,massive houses along the roads appear in the desert,/root/autodl-tmp/mga-artifacts/segearth-ov3/building-road-100x3-v3/scenes/levir-cc-test-000652/overview_A_B_reference.png
levir-cc_test_000657,Draft,,0.0,,0.0,1.0,some trees disappear and a basketball court appears .,/root/autodl-tmp/mga-artifacts/segearth-ov3/building-road-100x3-v3/scenes/levir-cc-test-000657/overview_A_B_reference.png
levir-cc_test_000657,Guided,,0.0,,0.0,1.0,a basketball court appears and some trees disappear .,/root/autodl-tmp/mga-artifacts/segearth-ov3/building-road-100x3-v3/scenes/levir-cc-test-000657/overview_A_B_reference.png
levir-cc_test_000657,Change-Agent,0.37806086341118184,1.0,1.0,0.6579334748761501,0.0,some houses are built at the bottom corner of the scene,/root/autodl-tmp/mga-artifacts/segearth-ov3/building-road-100x3-v3/scenes/levir-cc-test-000657/overview_A_B_reference.png
levir-cc_test_000665,Draft,0.2627627755939156,1.0,0.5,0.4945195265766536,0.5,many houses are built on the bareland between the roads .,/root/autodl-tmp/mga-artifacts/segearth-ov3/building-road-100x3-v3/scenes/levir-cc-test-000665/overview_A_B_reference.png
levir-cc_test_000665,Guided,0.2627627755939156,1.0,0.5,0.4945195265766536,0.5,many houses are built on the bareland between the roads .,/root/autodl-tmp/mga-artifacts/segearth-ov3/building-road-100x3-v3/scenes/levir-cc-test-000665/overview_A_B_reference.png
levir-cc_test_000665,Change-Agent,0.5255255511878312,1.0,1.0,0.7390390531533072,0.5,many houses are built along the roads,/root/autodl-tmp/mga-artifacts/segearth-ov3/building-road-100x3-v3/scenes/levir-cc-test-000665/overview_A_B_reference.png
levir-cc_test_000668,Draft,0.7624740937707739,0.9333333333333333,1.0,0.8526940849072591,0.0,many houses are built along the road in the open space .,/root/autodl-tmp/mga-artifacts/segearth-ov3/building-road-100x3-v3/scenes/levir-cc-test-000668/overview_A_B_reference.png
levir-cc_test_000668,Guided,0.7376722148536528,1.0,1.0,0.8557197181695091,0.5,many houses and roads have been built in the open space .,/root/autodl-tmp/mga-artifacts/segearth-ov3/building-road-100x3-v3/scenes/levir-cc-test-000668/overview_A_B_reference.png
levir-cc_test_000668,Change-Agent,0.7624740937707739,0.9333333333333333,1.0,0.8526940849072591,0.0,massive houses along the roads appear in the desert,/root/autodl-tmp/mga-artifacts/segearth-ov3/building-road-100x3-v3/scenes/levir-cc-test-000668/overview_A_B_reference.png
levir-cc_test_000673,Draft,0.20124002683047376,1.0,0.5,0.46068201475676057,0.0,several houses are built on the bareland on both sides of the road .,/root/autodl-tmp/mga-artifacts/segearth-ov3/building-road-100x3-v3/scenes/levir-cc-test-000673/overview_A_B_reference.png
levir-cc_test_000673,Guided,0.0,0.0,,0.0,0.0,the scene is the same as before .,/root/autodl-tmp/mga-artifacts/segearth-ov3/building-road-100x3-v3/scenes/levir-cc-test-000673/overview_A_B_reference.png
levir-cc_test_000673,Change-Agent,0.4024800536609475,1.0,1.0,0.6713640295135211,0.0,some houses are built along the roads,/root/autodl-tmp/mga-artifacts/segearth-ov3/building-road-100x3-v3/scenes/levir-cc-test-000673/overview_A_B_reference.png
levir-cc_test_000706,Draft,0.3112778693911861,1.0,0.4757981196404587,0.5163624520932442,0.5,many houses are built on both sides of the road .,/root/autodl-tmp/mga-artifacts/segearth-ov3/building-road-100x3-v3/scenes/levir-cc-test-000706/overview_A_B_reference.png
levir-cc_test_000706,Guided,0.3112778693911861,1.0,0.4757981196404587,0.5163624520932442,0.5,many houses are built on both sides of the road .,/root/autodl-tmp/mga-artifacts/segearth-ov3/building-road-100x3-v3/scenes/levir-cc-test-000706/overview_A_B_reference.png
levir-cc_test_000706,Change-Agent,0.6225557387823722,1.0,0.9515962392809174,0.7827249041864883,0.5,many houses are built along the roads,/root/autodl-tmp/mga-artifacts/segearth-ov3/building-road-100x3-v3/scenes/levir-cc-test-000706/overview_A_B_reference.png
levir-cc_test_000721,Draft,0.7780551157903993,1.0,0.9675017726305838,0.8714306682108365,0.0,a road with rows of houses on both sides is built on the bareland .,/root/autodl-tmp/mga-artifacts/segearth-ov3/building-road-100x3-v3/scenes/levir-cc-test-000721/overview_A_B_reference.png
levir-cc_test_000721,Guided,0.7780551157903993,1.0,0.9675017726305838,0.8714306682108365,0.0,a road with rows of houses on both sides is built on the bareland .,/root/autodl-tmp/mga-artifacts/segearth-ov3/building-road-100x3-v3/scenes/levir-cc-test-000721/overview_A_B_reference.png
levir-cc_test_000721,Change-Agent,0.7780551157903993,1.0,0.9675017726305838,0.8714306682108365,0.0,two rows of houses are built on both sides of the road,/root/autodl-tmp/mga-artifacts/segearth-ov3/building-road-100x3-v3/scenes/levir-cc-test-000721/overview_A_B_reference.png
levir-cc_test_000727,Draft,0.3526086956521739,0.9375,0.5,0.5283097826086957,0.5,many houses are built on both sides of the road .,/root/autodl-tmp/mga-artifacts/segearth-ov3/building-road-100x3-v3/scenes/levir-cc-test-000727/overview_A_B_reference.png
levir-cc_test_000727,Guided,0.3526086956521739,0.9375,0.5,0.5283097826086957,0.5,many houses are built on both sides of the road .,/root/autodl-tmp/mga-artifacts/segearth-ov3/building-road-100x3-v3/scenes/levir-cc-test-000727/overview_A_B_reference.png
levir-cc_test_000727,Change-Agent,0.7052173913043478,0.9375,1.0,0.8222445652173913,0.5,many houses are built on the bareland along the road,/root/autodl-tmp/mga-artifacts/segearth-ov3/building-road-100x3-v3/scenes/levir-cc-test-000727/overview_A_B_reference.png
levir-cc_test_000730,Draft,0.16004469222590312,1.0,0.2785961316767004,0.3937438070595868,0.0,some houses are built on both sides of the road .,/root/autodl-tmp/mga-artifacts/segearth-ov3/building-road-100x3-v3/scenes/levir-cc-test-000730/overview_A_B_reference.png
levir-cc_test_000730,Guided,0.16004469222590312,1.0,0.2785961316767004,0.3937438070595868,0.0,some houses have been built on both sides of the road .,/root/autodl-tmp/mga-artifacts/segearth-ov3/building-road-100x3-v3/scenes/levir-cc-test-000730/overview_A_B_reference.png
levir-cc_test_000730,Change-Agent,0.32008938445180624,1.0,0.5571922633534008,0.5374876141191736,0.0,more houses are built along the roads,/root/autodl-tmp/mga-artifacts/segearth-ov3/building-road-100x3-v3/scenes/levir-cc-test-000730/overview_A_B_reference.png
levir-cc_test_000748,Draft,0.5762939695844931,1.0,0.7681146052819766,0.7205846043278665,1.0,many houses are built on both sides of the roads .,/root/autodl-tmp/mga-artifacts/segearth-ov3/building-road-100x3-v3/scenes/levir-cc-test-000748/overview_A_B_reference.png
levir-cc_test_000748,Guided,0.5762939695844931,1.0,0.7681146052819766,0.7205846043278665,1.0,many houses have been built on both sides of the roads .,/root/autodl-tmp/mga-artifacts/segearth-ov3/building-road-100x3-v3/scenes/levir-cc-test-000748/overview_A_B_reference.png
levir-cc_test_000748,Change-Agent,0.5957476726767237,0.88,0.9908424908424909,0.7458297181406962,0.5,many houses are built along the roads,/root/autodl-tmp/mga-artifacts/segearth-ov3/building-road-100x3-v3/scenes/levir-cc-test-000748/overview_A_B_reference.png
levir-cc_test_000749,Draft,0.0,0.0,0.0,0.0,0.0,a building appears on the bareland on the lower-right .,/root/autodl-tmp/mga-artifacts/segearth-ov3/building-road-100x3-v3/scenes/levir-cc-test-000749/overview_A_B_reference.png
levir-cc_test_000749,Guided,0.0,0.0,0.0,0.0,0.0,a new structure appears on the bareland on the lower-right .,/root/autodl-tmp/mga-artifacts/segearth-ov3/building-road-100x3-v3/scenes/levir-cc-test-000749/overview_A_B_reference.png
levir-cc_test_000749,Change-Agent,0.0,0.0,,0.0,0.0,the scene is the same as before,/root/autodl-tmp/mga-artifacts/segearth-ov3/building-road-100x3-v3/scenes/levir-cc-test-000749/overview_A_B_reference.png
levir-cc_test_000772,Draft,0.5771192115744181,1.0,0.5,0.66741556636593,0.5,a road with houses built around appears in the middle of the scene .,/root/autodl-tmp/mga-artifacts/segearth-ov3/building-road-100x3-v3/scenes/levir-cc-test-000772/overview_A_B_reference.png
levir-cc_test_000772,Guided,0.5771192115744181,1.0,0.5,0.66741556636593,0.5,a road with houses built around it appears in the middle of the scene .,/root/autodl-tmp/mga-artifacts/segearth-ov3/building-road-100x3-v3/scenes/levir-cc-test-000772/overview_A_B_reference.png
levir-cc_test_000772,Change-Agent,0.5771192115744181,1.0,0.5,0.66741556636593,0.5,some houses are built at the corner of the road,/root/autodl-tmp/mga-artifacts/segearth-ov3/building-road-100x3-v3/scenes/levir-cc-test-000772/overview_A_B_reference.png
levir-cc_test_000775,Draft,0.8050121905476368,0.9333333333333333,1.0,0.8760900381345336,0.0,many houses are built at the crossroad .,/root/autodl-tmp/mga-artifacts/segearth-ov3/building-road-100x3-v3/scenes/levir-cc-test-000775/overview_A_B_reference.png
levir-cc_test_000775,Guided,0.6035960295255404,1.0,0.5,0.6819778162390472,0.0,many houses and roads have been built at the crossroad .,/root/autodl-tmp/mga-artifacts/segearth-ov3/building-road-100x3-v3/scenes/levir-cc-test-000775/overview_A_B_reference.png
levir-cc_test_000775,Change-Agent,0.6035960295255404,1.0,0.5,0.6819778162390472,0.0,some roads and houses are built on bareland,/root/autodl-tmp/mga-artifacts/segearth-ov3/building-road-100x3-v3/scenes/levir-cc-test-000775/overview_A_B_reference.png
levir-cc_test_000792,Draft,0.3696739499192246,1.0,0.5,0.5533206724555735,0.5,a lake appears and a road with a row of houses is built .,/root/autodl-tmp/mga-artifacts/segearth-ov3/building-road-100x3-v3/scenes/levir-cc-test-000792/overview_A_B_reference.png
levir-cc_test_000792,Guided,0.3696739499192246,1.0,0.5,0.5533206724555735,0.5,a lake and a road with a row of houses appear .,/root/autodl-tmp/mga-artifacts/segearth-ov3/building-road-100x3-v3/scenes/levir-cc-test-000792/overview_A_B_reference.png
levir-cc_test_000792,Change-Agent,,0.0,,0.0,1.0,a lake appears in the bareland,/root/autodl-tmp/mga-artifacts/segearth-ov3/building-road-100x3-v3/scenes/levir-cc-test-000792/overview_A_B_reference.png
levir-cc_test_000793,Draft,0.5231446081589358,1.0,0.5,0.6377295344874148,0.0,a road with several houses around is built on the bareland .,/root/autodl-tmp/mga-artifacts/segearth-ov3/building-road-100x3-v3/scenes/levir-cc-test-000793/overview_A_B_reference.png
levir-cc_test_000793,Guided,0.5231446081589358,1.0,0.5,0.6377295344874148,0.0,a road and several houses have been built on what was previously bare land .,/root/autodl-tmp/mga-artifacts/segearth-ov3/building-road-100x3-v3/scenes/levir-cc-test-000793/overview_A_B_reference.png
levir-cc_test_000793,Change-Agent,0.7429480088495575,0.625,1.0,0.7648714048672567,0.0,some houses are built at the corner of the scene,/root/autodl-tmp/mga-artifacts/segearth-ov3/building-road-100x3-v3/scenes/levir-cc-test-000793/overview_A_B_reference.png
levir-cc_test_000795,Draft,0.7047546788062722,1.0,1.0,0.8376150733434498,1.0,a building appears in the lower-left corner of the scene .,/root/autodl-tmp/mga-artifacts/segearth-ov3/building-road-100x3-v3/scenes/levir-cc-test-000795/overview_A_B_reference.png
levir-cc_test_000795,Guided,0.7047546788062722,1.0,1.0,0.8376150733434498,1.0,a building appears in the lower-left corner of the scene .,/root/autodl-tmp/mga-artifacts/segearth-ov3/building-road-100x3-v3/scenes/levir-cc-test-000795/overview_A_B_reference.png
levir-cc_test_000795,Change-Agent,0.7047546788062722,1.0,1.0,0.8376150733434498,1.0,a few houses are built at the bottom corner of the scene,/root/autodl-tmp/mga-artifacts/segearth-ov3/building-road-100x3-v3/scenes/levir-cc-test-000795/overview_A_B_reference.png
levir-cc_test_000796,Draft,0.5305089329901203,1.0,0.5,0.6417799131445662,0.0,a road with some houses appears on the right side of the scene .,/root/autodl-tmp/mga-artifacts/segearth-ov3/building-road-100x3-v3/scenes/levir-cc-test-000796/overview_A_B_reference.png
levir-cc_test_000796,Guided,0.5305089329901203,1.0,0.5,0.6417799131445662,0.0,a road with some houses appears on the right side of the scene .,/root/autodl-tmp/mga-artifacts/segearth-ov3/building-road-100x3-v3/scenes/levir-cc-test-000796/overview_A_B_reference.png
levir-cc_test_000796,Change-Agent,0.5305089329901203,1.0,0.5,0.6417799131445662,0.0,a road and many houses are built on the right side of the scene,/root/autodl-tmp/mga-artifacts/segearth-ov3/building-road-100x3-v3/scenes/levir-cc-test-000796/overview_A_B_reference.png
levir-cc_test_000810,Draft,0.5282555780933063,1.0,1.0,0.7405405679513184,1.0,a road appears at the bottom right corner of the scene .,/root/autodl-tmp/mga-artifacts/segearth-ov3/building-road-100x3-v3/scenes/levir-cc-test-000810/overview_A_B_reference.png
levir-cc_test_000810,Guided,0.5282555780933063,1.0,1.0,0.7405405679513184,1.0,a road appears at the bottom right corner of the scene .,/root/autodl-tmp/mga-artifacts/segearth-ov3/building-road-100x3-v3/scenes/levir-cc-test-000810/overview_A_B_reference.png
levir-cc_test_000810,Change-Agent,0.0,0.0,,0.0,0.0,the scene is the same as before,/root/autodl-tmp/mga-artifacts/segearth-ov3/building-road-100x3-v3/scenes/levir-cc-test-000810/overview_A_B_reference.png
levir-cc_test_000812,Draft,0.8629795158286778,1.0,1.0,0.9246387337057729,0.0,a road appears in the upper left of the scene .,/root/autodl-tmp/mga-artifacts/segearth-ov3/building-road-100x3-v3/scenes/levir-cc-test-000812/overview_A_B_reference.png
levir-cc_test_000812,Guided,0.8629795158286778,1.0,1.0,0.9246387337057729,0.0,a road appears in the upper left of the scene .,/root/autodl-tmp/mga-artifacts/segearth-ov3/building-road-100x3-v3/scenes/levir-cc-test-000812/overview_A_B_reference.png
levir-cc_test_000812,Change-Agent,0.8629795158286778,1.0,1.0,0.9246387337057729,0.0,a road is built on the bareland,/root/autodl-tmp/mga-artifacts/segearth-ov3/building-road-100x3-v3/scenes/levir-cc-test-000812/overview_A_B_reference.png
levir-cc_test_000825,Draft,0.3436377708978328,1.0,0.5,0.5390007739938081,0.5,many houses are built on both sides of the road .,/root/autodl-tmp/mga-artifacts/segearth-ov3/building-road-100x3-v3/scenes/levir-cc-test-000825/overview_A_B_reference.png
levir-cc_test_000825,Guided,0.3436377708978328,1.0,0.5,0.5390007739938081,0.5,many houses are built on both sides of the road .,/root/autodl-tmp/mga-artifacts/segearth-ov3/building-road-100x3-v3/scenes/levir-cc-test-000825/overview_A_B_reference.png
levir-cc_test_000825,Change-Agent,0.6872755417956656,1.0,1.0,0.8280015479876162,0.5,many houses are built along the roads,/root/autodl-tmp/mga-artifacts/segearth-ov3/building-road-100x3-v3/scenes/levir-cc-test-000825/overview_A_B_reference.png
levir-cc_test_000851,Draft,0.6216727862393112,1.0,0.5,0.6919200324316211,0.5,a house and a road appear on the upper left .,/root/autodl-tmp/mga-artifacts/segearth-ov3/building-road-100x3-v3/scenes/levir-cc-test-000851/overview_A_B_reference.png
levir-cc_test_000851,Guided,0.6216727862393112,1.0,0.5,0.6919200324316211,0.5,a house and a road appear on the upper left .,/root/autodl-tmp/mga-artifacts/segearth-ov3/building-road-100x3-v3/scenes/levir-cc-test-000851/overview_A_B_reference.png
levir-cc_test_000851,Change-Agent,0.6216727862393112,1.0,0.5,0.6919200324316211,0.5,two buildings and a road appear on the left side of the scene,/root/autodl-tmp/mga-artifacts/segearth-ov3/building-road-100x3-v3/scenes/levir-cc-test-000851/overview_A_B_reference.png
levir-cc_test_000861,Draft,0.40025437164255717,1.0,0.5,0.5701399044034065,0.5,a road with four houses appears on the left .,/root/autodl-tmp/mga-artifacts/segearth-ov3/building-road-100x3-v3/scenes/levir-cc-test-000861/overview_A_B_reference.png
levir-cc_test_000861,Guided,0.40025437164255717,1.0,0.5,0.5701399044034065,0.5,a road and several buildings appear on the left .,/root/autodl-tmp/mga-artifacts/segearth-ov3/building-road-100x3-v3/scenes/levir-cc-test-000861/overview_A_B_reference.png
levir-cc_test_000861,Change-Agent,0.6267443620402604,1.0,1.0,0.7947093991221432,1.0,two buildings and a parking lot appear on the left,/root/autodl-tmp/mga-artifacts/segearth-ov3/building-road-100x3-v3/scenes/levir-cc-test-000861/overview_A_B_reference.png
levir-cc_test_000879,Draft,0.5282095522556466,1.0,0.5008087046022645,0.6406769946610585,0.5,two rows of houses are built on both sides of the road .,/root/autodl-tmp/mga-artifacts/segearth-ov3/building-road-100x3-v3/scenes/levir-cc-test-000879/overview_A_B_reference.png
levir-cc_test_000879,Guided,0.5282095522556466,1.0,0.5008087046022645,0.6406769946610585,0.5,two rows of houses are built on both sides of the road .,/root/autodl-tmp/mga-artifacts/segearth-ov3/building-road-100x3-v3/scenes/levir-cc-test-000879/overview_A_B_reference.png
levir-cc_test_000879,Change-Agent,0.5282095522556466,1.0,0.5008087046022645,0.6406769946610585,0.5,two roads and rows of houses are built on the bareland,/root/autodl-tmp/mga-artifacts/segearth-ov3/building-road-100x3-v3/scenes/levir-cc-test-000879/overview_A_B_reference.png
levir-cc_test_000891,Draft,0.5641163611905162,0.8333333333333334,1.0,0.7185973319881173,1.0,a building with a parking lot appears on the roadside .,/root/autodl-tmp/mga-artifacts/segearth-ov3/building-road-100x3-v3/scenes/levir-cc-test-000891/overview_A_B_reference.png
levir-cc_test_000891,Guided,0.5641163611905162,0.8333333333333334,1.0,0.7185973319881173,1.0,a building with a parking lot appears on the roadside .,/root/autodl-tmp/mga-artifacts/segearth-ov3/building-road-100x3-v3/scenes/levir-cc-test-000891/overview_A_B_reference.png
levir-cc_test_000891,Change-Agent,0.5641163611905162,0.8333333333333334,1.0,0.7185973319881173,1.0,two buildings are built on the bareland,/root/autodl-tmp/mga-artifacts/segearth-ov3/building-road-100x3-v3/scenes/levir-cc-test-000891/overview_A_B_reference.png
levir-cc_test_000905,Draft,0.0,0.0,,0.0,0.0,the scene is the same as before .,/root/autodl-tmp/mga-artifacts/segearth-ov3/building-road-100x3-v3/scenes/levir-cc-test-000905/overview_A_B_reference.png
levir-cc_test_000905,Guided,,0.0,,0.0,1.0,a building appears in the bareland .,/root/autodl-tmp/mga-artifacts/segearth-ov3/building-road-100x3-v3/scenes/levir-cc-test-000905/overview_A_B_reference.png
levir-cc_test_000905,Change-Agent,0.0,0.0,,0.0,0.0,the scene is the same as before,/root/autodl-tmp/mga-artifacts/segearth-ov3/building-road-100x3-v3/scenes/levir-cc-test-000905/overview_A_B_reference.png
levir-cc_test_000913,Draft,0.5676086956521739,1.0,1.0,0.7621847826086956,1.0,a building appears on the upper left .,/root/autodl-tmp/mga-artifacts/segearth-ov3/building-road-100x3-v3/scenes/levir-cc-test-000913/overview_A_B_reference.png
levir-cc_test_000913,Guided,0.5676086956521739,1.0,1.0,0.7621847826086956,1.0,a building appears on the upper left .,/root/autodl-tmp/mga-artifacts/segearth-ov3/building-road-100x3-v3/scenes/levir-cc-test-000913/overview_A_B_reference.png
levir-cc_test_000913,Change-Agent,0.0,0.0,,0.0,0.0,the scene is the same as before,/root/autodl-tmp/mga-artifacts/segearth-ov3/building-road-100x3-v3/scenes/levir-cc-test-000913/overview_A_B_reference.png
levir-cc_test_000933,Draft,0.0,0.0,,0.0,0.0,the scene is the same as before .,/root/autodl-tmp/mga-artifacts/segearth-ov3/building-road-100x3-v3/scenes/levir-cc-test-000933/overview_A_B_reference.png
levir-cc_test_000933,Guided,0.0,0.0,0.0,0.0,0.0,a building appears in the lower right corner of the scene .,/root/autodl-tmp/mga-artifacts/segearth-ov3/building-road-100x3-v3/scenes/levir-cc-test-000933/overview_A_B_reference.png
levir-cc_test_000933,Change-Agent,0.0,0.0,,0.0,0.0,the scene is the same as before,/root/autodl-tmp/mga-artifacts/segearth-ov3/building-road-100x3-v3/scenes/levir-cc-test-000933/overview_A_B_reference.png
levir-cc_test_000943,Draft,0.5761470536118443,0.25,0.8993682310469314,0.5592545256959007,1.0,a road is built across the area .,/root/autodl-tmp/mga-artifacts/segearth-ov3/building-road-100x3-v3/scenes/levir-cc-test-000943/overview_A_B_reference.png
levir-cc_test_000943,Guided,0.5761470536118443,0.25,0.8993682310469314,0.5592545256959007,1.0,a road is built across the area .,/root/autodl-tmp/mga-artifacts/segearth-ov3/building-road-100x3-v3/scenes/levir-cc-test-000943/overview_A_B_reference.png
levir-cc_test_000943,Change-Agent,0.0,0.0,,0.0,0.0,the scene is the same as before,/root/autodl-tmp/mga-artifacts/segearth-ov3/building-road-100x3-v3/scenes/levir-cc-test-000943/overview_A_B_reference.png
levir-cc_test_001000,Draft,0.3358103315969812,1.0,0.18627126497650093,0.47194993537363983,0.0,a road is built on the middle .,/root/autodl-tmp/mga-artifacts/segearth-ov3/building-road-100x3-v3/scenes/levir-cc-test-001000/overview_A_B_reference.png
levir-cc_test_001000,Guided,0.3358103315969812,1.0,0.18627126497650093,0.47194993537363983,0.0,a road is built on the middle .,/root/autodl-tmp/mga-artifacts/segearth-ov3/building-road-100x3-v3/scenes/levir-cc-test-001000/overview_A_B_reference.png
levir-cc_test_001000,Change-Agent,0.3358103315969812,1.0,0.18627126497650093,0.47194993537363983,0.0,a road is built,/root/autodl-tmp/mga-artifacts/segearth-ov3/building-road-100x3-v3/scenes/levir-cc-test-001000/overview_A_B_reference.png
levir-cc_test_001017,Draft,0.2390605616040012,1.0,0.2518326865028029,0.43184984618276123,0.0,a road appears in the upper right corner of the scene .,/root/autodl-tmp/mga-artifacts/segearth-ov3/building-road-100x3-v3/scenes/levir-cc-test-001017/overview_A_B_reference.png
levir-cc_test_001017,Guided,0.2390605616040012,1.0,0.2518326865028029,0.43184984618276123,0.0,a road has been widened and a sidewalk has been added alongside it .,/root/autodl-tmp/mga-artifacts/segearth-ov3/building-road-100x3-v3/scenes/levir-cc-test-001017/overview_A_B_reference.png
levir-cc_test_001017,Change-Agent,0.2390605616040012,1.0,0.2518326865028029,0.43184984618276123,0.0,two roads have been built,/root/autodl-tmp/mga-artifacts/segearth-ov3/building-road-100x3-v3/scenes/levir-cc-test-001017/overview_A_B_reference.png
